-- MySQL dump 10.13  Distrib 5.7.20, for Linux (x86_64)
--
-- Host: localhost    Database: db_tintuc
-- ------------------------------------------------------
-- Server version	5.7.20-0ubuntu0.16.04.1

/*!40101 SET @OLD_CHARACTER_SET_CLIENT=@@CHARACTER_SET_CLIENT */;
/*!40101 SET @OLD_CHARACTER_SET_RESULTS=@@CHARACTER_SET_RESULTS */;
/*!40101 SET @OLD_COLLATION_CONNECTION=@@COLLATION_CONNECTION */;
/*!40101 SET NAMES utf8 */;
/*!40103 SET @OLD_TIME_ZONE=@@TIME_ZONE */;
/*!40103 SET TIME_ZONE='+00:00' */;
/*!40014 SET @OLD_UNIQUE_CHECKS=@@UNIQUE_CHECKS, UNIQUE_CHECKS=0 */;
/*!40014 SET @OLD_FOREIGN_KEY_CHECKS=@@FOREIGN_KEY_CHECKS, FOREIGN_KEY_CHECKS=0 */;
/*!40101 SET @OLD_SQL_MODE=@@SQL_MODE, SQL_MODE='NO_AUTO_VALUE_ON_ZERO' */;
/*!40111 SET @OLD_SQL_NOTES=@@SQL_NOTES, SQL_NOTES=0 */;

--
-- Table structure for table `Comment`
--

DROP TABLE IF EXISTS `Comment`;
/*!40101 SET @saved_cs_client     = @@character_set_client */;
/*!40101 SET character_set_client = utf8 */;
CREATE TABLE `Comment` (
  `id` int(10) unsigned NOT NULL AUTO_INCREMENT,
  `idUser` int(10) unsigned NOT NULL,
  `idTinTuc` int(10) unsigned NOT NULL,
  `NoiDung` longtext COLLATE utf8mb4_unicode_ci NOT NULL,
  `created_at` timestamp NULL DEFAULT NULL,
  `updated_at` timestamp NULL DEFAULT NULL,
  PRIMARY KEY (`id`)
) ENGINE=InnoDB AUTO_INCREMENT=24 DEFAULT CHARSET=utf8mb4 COLLATE=utf8mb4_unicode_ci;
/*!40101 SET character_set_client = @saved_cs_client */;

--
-- Dumping data for table `Comment`
--

LOCK TABLES `Comment` WRITE;
/*!40000 ALTER TABLE `Comment` DISABLE KEYS */;
INSERT INTO `Comment` VALUES (1,1,1,'Chào mừng tất cả các bạn đến với Freetuts.net, đây là bài đầu tiên trong loạt bài series hướng dẫn xây dựng trang tin tức bằng PHP. Series này yêu cầu các bạn phải có kiến thức cơ bản về : PHP hướng đối tượng; HTML; CSS; Javascript / jQuery/ Ajax; Thư viện Bootstrap (vì trong series này','2018-01-09 08:51:54',NULL),(2,1,2,'Chào mừng tất cả các bạn đến với Freetuts.net, đây là bài đầu tiên trong loạt bài series hướng dẫn xây dựng trang tin tức bằng PHP. Series này yêu cầu các bạn phải có kiến thức cơ bản về : PHP hướng đối tượng; HTML; CSS; Javascript / jQuery/ Ajax; Thư viện Bootstrap (vì trong series này','2018-01-09 08:51:54',NULL),(3,1,2,'Chào mừng tất cả các bạn đến với Freetuts.net, đây là bài đầu tiên trong loạt bài series hướng dẫn xây dựng trang tin tức bằng PHP. Series này yêu cầu các bạn phải có kiến thức cơ bản về : PHP hướng đối tượng; HTML; CSS; Javascript / jQuery/ Ajax; Thư viện Bootstrap (vì trong series này','2018-01-09 08:51:54',NULL),(5,2,5,'Chào mừng tất cả các bạn đến với Freetuts.net, đây là bài đầu tiên trong loạt bài series hướng dẫn xây dựng trang tin tức bằng PHP. Series này yêu cầu các bạn phải có kiến thức cơ bản về : PHP hướng đối tượng; HTML; CSS; Javascript / jQuery/ Ajax; Thư viện Bootstrap (vì trong series này','2018-01-09 08:51:54',NULL),(6,2,6,'Chào mừng tất cả các bạn đến với Freetuts.net, đây là bài đầu tiên trong loạt bài series hướng dẫn xây dựng trang tin tức bằng PHP. Series này yêu cầu các bạn phải có kiến thức cơ bản về : PHP hướng đối tượng; HTML; CSS; Javascript / jQuery/ Ajax; Thư viện Bootstrap (vì trong series này','2018-01-09 08:51:54',NULL),(7,2,7,'Chào mừng tất cả các bạn đến với Freetuts.net, đây là bài đầu tiên trong loạt bài series hướng dẫn xây dựng trang tin tức bằng PHP. Series này yêu cầu các bạn phải có kiến thức cơ bản về : PHP hướng đối tượng; HTML; CSS; Javascript / jQuery/ Ajax; Thư viện Bootstrap (vì trong series này','2018-01-09 08:51:54',NULL),(9,3,9,'Chào mừng tất cả các bạn đến với Freetuts.net, đây là bài đầu tiên trong loạt bài series hướng dẫn xây dựng trang tin tức bằng PHP. Series này yêu cầu các bạn phải có kiến thức cơ bản về : PHP hướng đối tượng; HTML; CSS; Javascript / jQuery/ Ajax; Thư viện Bootstrap (vì trong series này','2018-01-09 08:51:54',NULL),(11,4,11,'Chào mừng tất cả các bạn đến với Freetuts.net, đây là bài đầu tiên trong loạt bài series hướng dẫn xây dựng trang tin tức bằng PHP. Series này yêu cầu các bạn phải có kiến thức cơ bản về : PHP hướng đối tượng; HTML; CSS; Javascript / jQuery/ Ajax; Thư viện Bootstrap (vì trong series này','2018-01-09 08:51:54',NULL),(12,4,12,'Chào mừng tất cả các bạn đến với Freetuts.net, đây là bài đầu tiên trong loạt bài series hướng dẫn xây dựng trang tin tức bằng PHP. Series này yêu cầu các bạn phải có kiến thức cơ bản về : PHP hướng đối tượng; HTML; CSS; Javascript / jQuery/ Ajax; Thư viện Bootstrap (vì trong series này','2018-01-09 08:51:54',NULL),(13,4,13,'Chào mừng tất cả các bạn đến với Freetuts.net, đây là bài đầu tiên trong loạt bài series hướng dẫn xây dựng trang tin tức bằng PHP. Series này yêu cầu các bạn phải có kiến thức cơ bản về : PHP hướng đối tượng; HTML; CSS; Javascript / jQuery/ Ajax; Thư viện Bootstrap (vì trong series này','2018-01-09 08:51:54',NULL),(14,5,14,'Chào mừng tất cả các bạn đến với Freetuts.net, đây là bài đầu tiên trong loạt bài series hướng dẫn xây dựng trang tin tức bằng PHP. Series này yêu cầu các bạn phải có kiến thức cơ bản về : PHP hướng đối tượng; HTML; CSS; Javascript / jQuery/ Ajax; Thư viện Bootstrap (vì trong series này','2018-01-09 08:51:54',NULL),(15,5,15,'Chào mừng tất cả các bạn đến với Freetuts.net, đây là bài đầu tiên trong loạt bài series hướng dẫn xây dựng trang tin tức bằng PHP. Series này yêu cầu các bạn phải có kiến thức cơ bản về : PHP hướng đối tượng; HTML; CSS; Javascript / jQuery/ Ajax; Thư viện Bootstrap (vì trong series này','2018-01-09 08:51:54',NULL),(16,5,16,'Chào mừng tất cả các bạn đến với Freetuts.net, đây là bài đầu tiên trong loạt bài series hướng dẫn xây dựng trang tin tức bằng PHP. Series này yêu cầu các bạn phải có kiến thức cơ bản về : PHP hướng đối tượng; HTML; CSS; Javascript / jQuery/ Ajax; Thư viện Bootstrap (vì trong series này','2018-01-09 08:51:54',NULL),(17,6,17,'Chào mừng tất cả các bạn đến với Freetuts.net, đây là bài đầu tiên trong loạt bài series hướng dẫn xây dựng trang tin tức bằng PHP. Series này yêu cầu các bạn phải có kiến thức cơ bản về : PHP hướng đối tượng; HTML; CSS; Javascript / jQuery/ Ajax; Thư viện Bootstrap (vì trong series này','2018-01-09 08:51:54',NULL),(18,6,18,'Chào mừng tất cả các bạn đến với Freetuts.net, đây là bài đầu tiên trong loạt bài series hướng dẫn xây dựng trang tin tức bằng PHP. Series này yêu cầu các bạn phải có kiến thức cơ bản về : PHP hướng đối tượng; HTML; CSS; Javascript / jQuery/ Ajax; Thư viện Bootstrap (vì trong series này','2018-01-09 08:51:54',NULL),(19,6,19,'Chào mừng tất cả các bạn đến với Freetuts.net, đây là bài đầu tiên trong loạt bài series hướng dẫn xây dựng trang tin tức bằng PHP. Series này yêu cầu các bạn phải có kiến thức cơ bản về : PHP hướng đối tượng; HTML; CSS; Javascript / jQuery/ Ajax; Thư viện Bootstrap (vì trong series này','2018-01-09 08:51:54',NULL),(20,6,20,'Chào mừng tất cả các bạn đến với Freetuts.net, đây là bài đầu tiên trong loạt bài series hướng dẫn xây dựng trang tin tức bằng PHP. Series này yêu cầu các bạn phải có kiến thức cơ bản về : PHP hướng đối tượng; HTML; CSS; Javascript / jQuery/ Ajax; Thư viện Bootstrap (vì trong series này','2018-01-09 08:51:54',NULL),(21,6,21,'Chào mừng tất cả các bạn đến với Freetuts.net, đây là bài đầu tiên trong loạt bài series hướng dẫn xây dựng trang tin tức bằng PHP. Series này yêu cầu các bạn phải có kiến thức cơ bản về : PHP hướng đối tượng; HTML; CSS; Javascript / jQuery/ Ajax; Thư viện Bootstrap (vì trong series này','2018-01-09 08:51:54',NULL),(22,1,43,'chúc mừng,\r\nBạn đã bình luận thành công','2018-01-14 16:53:39','2018-01-14 16:53:39'),(23,2,53,'Giac mong da tan','2018-01-14 21:23:52','2018-01-14 21:23:52');
/*!40000 ALTER TABLE `Comment` ENABLE KEYS */;
UNLOCK TABLES;

--
-- Table structure for table `LoaiTin`
--

DROP TABLE IF EXISTS `LoaiTin`;
/*!40101 SET @saved_cs_client     = @@character_set_client */;
/*!40101 SET character_set_client = utf8 */;
CREATE TABLE `LoaiTin` (
  `id` int(10) unsigned NOT NULL AUTO_INCREMENT,
  `idTheLoai` int(10) unsigned NOT NULL,
  `Ten` varchar(255) COLLATE utf8mb4_unicode_ci NOT NULL,
  `TenKhongDau` varchar(255) COLLATE utf8mb4_unicode_ci NOT NULL,
  `created_at` timestamp NULL DEFAULT NULL,
  `updated_at` timestamp NULL DEFAULT NULL,
  PRIMARY KEY (`id`)
) ENGINE=InnoDB AUTO_INCREMENT=41 DEFAULT CHARSET=utf8mb4 COLLATE=utf8mb4_unicode_ci;
/*!40101 SET character_set_client = @saved_cs_client */;

--
-- Dumping data for table `LoaiTin`
--

LOCK TABLES `LoaiTin` WRITE;
/*!40000 ALTER TABLE `LoaiTin` DISABLE KEYS */;
INSERT INTO `LoaiTin` VALUES (1,1,'Sự kiện - Bình luận','su-kien-binh-luan',NULL,'2018-01-07 14:44:53'),(2,1,'Tin vắn bóng đá','Tin-van-bong-da',NULL,NULL),(3,1,'Bóng đá Việt Nam','Bong-da-Viet-Nam',NULL,NULL),(4,1,'Top ghi bàn','Top-ghi-ban',NULL,NULL),(5,2,'Điểm nóng','Diem-nong',NULL,NULL),(6,2,'Quân sự 1','quan-su-1',NULL,'2018-01-07 12:04:40'),(7,2,'Hồ sơ','Ho-so',NULL,NULL),(8,2,'Thế giới động vật','The-gioi-dong-vat',NULL,NULL),(9,3,'Tin tức thời trang','Tin-tuc-thoi-trang',NULL,NULL),(10,3,'Người mẫu - Hoa hậu','Nguoi-mau-Hoa-hau',NULL,NULL),(11,3,'Thế giới thời trang','The-gioi-thoi-trang',NULL,NULL),(12,3,'Trang sức','Trang-suc',NULL,NULL),(13,3,'Giầy - dép','Giay-dep',NULL,NULL),(14,4,'Vụ án nổi tiếng','Vu-an-noi-tieng',NULL,NULL),(15,4,'Kỳ án thế giới','Ky-an-the-gioi',NULL,NULL),(16,4,'Cảnh giác','Canh-giac',NULL,NULL),(17,4,'Phóng sự','Phong-su',NULL,NULL),(18,5,'Món ngon mỗi ngày','Mon-ngon-moi-ngay',NULL,NULL),(19,5,'Đặc sản 3 miền','Dac-san-3-mien',NULL,NULL),(20,5,'Tin tức Ẩm thực','Tin-tuc-Am-thuc',NULL,NULL),(21,5,'Đặt ăn tại nhà qua điện thoại','Dat-an-tai-nha-qua-dien-thoai',NULL,NULL),(22,6,'Răng khỏe đẹp','Rang-khoe-dep',NULL,NULL),(23,6,'Thẩm mỹ viện','Tham-my-vien',NULL,NULL),(24,6,'Trị mụn và nấm da','Tri-mun-va-nam-da',NULL,NULL),(25,6,'Trang điểm','Trang-diem',NULL,NULL),(26,7,'Phim','Phim',NULL,NULL),(27,7,'Ca nhạc - MTV','Ca-nhac-MTV',NULL,NULL),(28,7,'TV Show','TV-Show',NULL,NULL),(29,7,'Tin tức giải trí','Tin-tuc-giai-tri',NULL,NULL),(30,8,'Máy tính để bàn','May-tinh-de-ban',NULL,NULL),(31,8,'QC trực tuyến','QC-truc-tuyen',NULL,NULL),(32,8,'Phần mềm ngoại','Phan-mem-ngoai',NULL,NULL),(33,8,'Tin học văn phòng','Tin-hoc-van-phong',NULL,NULL),(34,8,'Thủ thuật - Tiện ích','Thu-thuat-Tien-ich',NULL,NULL),(35,9,'Tin tức ô tô','Tin-tuc-o-to',NULL,NULL),(36,9,'Xe xịn','Xe-xin',NULL,NULL),(37,9,'Ảnh người đẹp và xe','Anh-nguoi-dep-va-xe',NULL,NULL),(38,9,'Tư vấn','Tu-van',NULL,NULL),(39,1,'Bóng đá ngoại hạng anh','bong-da-ngoai-hang-anh','2018-01-07 08:29:03','2018-01-07 08:29:03'),(40,1,'Bóng đá Pháp','bong-da-phap','2018-01-07 14:41:51','2018-01-07 14:41:51');
/*!40000 ALTER TABLE `LoaiTin` ENABLE KEYS */;
UNLOCK TABLES;

--
-- Table structure for table `TheLoai`
--

DROP TABLE IF EXISTS `TheLoai`;
/*!40101 SET @saved_cs_client     = @@character_set_client */;
/*!40101 SET character_set_client = utf8 */;
CREATE TABLE `TheLoai` (
  `id` int(10) unsigned NOT NULL AUTO_INCREMENT,
  `Ten` varchar(255) COLLATE utf8mb4_unicode_ci NOT NULL,
  `TenKhongDau` varchar(255) COLLATE utf8mb4_unicode_ci NOT NULL,
  `created_at` timestamp NULL DEFAULT NULL,
  `updated_at` timestamp NULL DEFAULT NULL,
  PRIMARY KEY (`id`)
) ENGINE=InnoDB AUTO_INCREMENT=10 DEFAULT CHARSET=utf8mb4 COLLATE=utf8mb4_unicode_ci;
/*!40101 SET character_set_client = @saved_cs_client */;

--
-- Dumping data for table `TheLoai`
--

LOCK TABLES `TheLoai` WRITE;
/*!40000 ALTER TABLE `TheLoai` DISABLE KEYS */;
INSERT INTO `TheLoai` VALUES (1,'Bóng đá','Bong-da',NULL,NULL),(2,'Thế giới','The-gioi',NULL,NULL),(3,'Thời trang','Thoi-trang',NULL,NULL),(4,'An ninh Xã hội','An-ninh-Xa-hoi',NULL,NULL),(5,'Ẩm thực','Am-thuc',NULL,NULL),(6,'Làm đẹp','Lam-dep',NULL,NULL),(7,'Giải trí','Giai-tri',NULL,NULL),(8,'Công nghệ thông tin','Cong-nghe-thong-tin',NULL,NULL),(9,'Ô tô','O-to',NULL,NULL);
/*!40000 ALTER TABLE `TheLoai` ENABLE KEYS */;
UNLOCK TABLES;

--
-- Table structure for table `TinTuc`
--

DROP TABLE IF EXISTS `TinTuc`;
/*!40101 SET @saved_cs_client     = @@character_set_client */;
/*!40101 SET character_set_client = utf8 */;
CREATE TABLE `TinTuc` (
  `id` int(10) unsigned NOT NULL AUTO_INCREMENT,
  `TieuDe` varchar(255) COLLATE utf8mb4_unicode_ci NOT NULL,
  `TieuDeKhongDau` varchar(255) COLLATE utf8mb4_unicode_ci NOT NULL,
  `TomTat` varchar(255) COLLATE utf8mb4_unicode_ci NOT NULL,
  `NoiDung` mediumtext COLLATE utf8mb4_unicode_ci NOT NULL,
  `Hinh` varchar(255) COLLATE utf8mb4_unicode_ci NOT NULL,
  `NoiBat` int(11) NOT NULL,
  `SoLuotXem` int(11) NOT NULL,
  `idLoaiTin` int(10) unsigned NOT NULL,
  `created_at` timestamp NULL DEFAULT NULL,
  `updated_at` timestamp NULL DEFAULT NULL,
  PRIMARY KEY (`id`)
) ENGINE=InnoDB AUTO_INCREMENT=75 DEFAULT CHARSET=utf8mb4 COLLATE=utf8mb4_unicode_ci;
/*!40101 SET character_set_client = @saved_cs_client */;

--
-- Dumping data for table `TinTuc`
--

LOCK TABLES `TinTuc` WRITE;
/*!40000 ALTER TABLE `TinTuc` DISABLE KEYS */;
INSERT INTO `TinTuc` VALUES (1,'Man City “vô đối 1”: Dễ vỡ giấc mơ “ăn 4” trong 1 tuần','Man-City-vo-doi-de-vo-giac-mo1','Một Man City kiệt sức có thể tan vỡ giấc mơ ăn 4 trong vòng 1 tuần.','Nếu Man City có ý định đoạt một cú ăn 4 không tưởng trong mùa giải này, đây sẽ là tuần lễ mang tính định đoạt với thầy trò Pep Guardiola, ít nhất là ở mặt trận trong nước bởi Champions League sẽ đến sau.','1-1-2.jpg',1,10,1,'2018-01-13 08:37:05',NULL),(2,'1 Man City “vô đối 2”: Dễ vỡ giấc mơ “ăn 4” trong 1 tuần','1-man-city-vo-doi-2-de-vo-giac-mo-an-4-trong-1-tuan','<p>2 Một Man City kiệt sức c&oacute; thể tan vỡ giấc mơ ăn 4 trong v&ograve;ng 1 tuần.</p>','<p>2 Nếu Man City c&oacute; &yacute; định đoạt một c&uacute; ăn 4 kh&ocirc;ng tưởng trong m&ugrave;a giải n&agrave;y, đ&acirc;y sẽ l&agrave; tuần lễ mang t&iacute;nh định đoạt với thầy tr&ograve; Pep Guardiola, &iacute;t nhất l&agrave; ở mặt trận trong nước bởi Champions League sẽ đến sau.</p>','DqB8B_Coutinho-ve-Barca-Liga.jpg',0,10,1,'2018-01-13 08:37:05','2018-01-08 12:26:59'),(3,'Man City “vô đối 3”: Dễ vỡ giấc mơ “ăn 4” trong 1 tuần','Man-City-vo-doi-de-vo-giac-mo3','Một Man City kiệt sức có thể tan vỡ giấc mơ ăn 4 trong vòng 1 tuần.','Nếu Man City có ý định đoạt một cú ăn 4 không tưởng trong mùa giải này, đây sẽ là tuần lễ mang tính định đoạt với thầy trò Pep Guardiola, ít nhất là ở mặt trận trong nước bởi Champions League sẽ đến sau.','1-1-2.jpg',1,10,1,'2018-01-13 08:37:05',NULL),(4,'Man City “vô đối 4”: Dễ vỡ giấc mơ “ăn 4” trong 1 tuần','Man-City-vo-doi-de-vo-giac-mo4','Một Man City kiệt sức có thể tan vỡ giấc mơ ăn 4 trong vòng 1 tuần.','Nếu Man City có ý định đoạt một cú ăn 4 không tưởng trong mùa giải này, đây sẽ là tuần lễ mang tính định đoạt với thầy trò Pep Guardiola, ít nhất là ở mặt trận trong nước bởi Champions League sẽ đến sau.','1-1-2.jpg',0,10,1,'2018-01-13 08:37:05',NULL),(5,'Man City “vô đối 5”: Dễ vỡ giấc mơ “ăn 4” trong 1 tuần','Man-City-vo-doi-de-vo-giac-mo5','Một Man City kiệt sức có thể tan vỡ giấc mơ ăn 4 trong vòng 1 tuần.','Nếu Man City có ý định đoạt một cú ăn 4 không tưởng trong mùa giải này, đây sẽ là tuần lễ mang tính định đoạt với thầy trò Pep Guardiola, ít nhất là ở mặt trận trong nước bởi Champions League sẽ đến sau.','1-1-2.jpg',1,10,1,'2018-01-13 08:37:05',NULL),(6,'Man City “vô đối 6”: Dễ vỡ giấc mơ “ăn 4” trong 1 tuần','Man-City-vo-doi-de-vo-giac-mo6','Một Man City kiệt sức có thể tan vỡ giấc mơ ăn 4 trong vòng 1 tuần.','Nếu Man City có ý định đoạt một cú ăn 4 không tưởng trong mùa giải này, đây sẽ là tuần lễ mang tính định đoạt với thầy trò Pep Guardiola, ít nhất là ở mặt trận trong nước bởi Champions League sẽ đến sau.','1-1-2.jpg',0,10,1,'2018-01-13 08:37:05',NULL),(7,'Man City “vô đối 7”: Dễ vỡ giấc mơ “ăn 4” trong 1 tuần','Man-City-vo-doi-de-vo-giac-mo7','Một Man City kiệt sức có thể tan vỡ giấc mơ ăn 4 trong vòng 1 tuần.','Nếu Man City có ý định đoạt một cú ăn 4 không tưởng trong mùa giải này, đây sẽ là tuần lễ mang tính định đoạt với thầy trò Pep Guardiola, ít nhất là ở mặt trận trong nước bởi Champions League sẽ đến sau.','1-1-2.jpg',1,10,1,'2018-01-13 08:37:05',NULL),(8,'Man City “vô đối 8”: Dễ vỡ giấc mơ “ăn 4” trong 1 tuần','Man-City-vo-doi-de-vo-giac-mo8','Một Man City kiệt sức có thể tan vỡ giấc mơ ăn 4 trong vòng 1 tuần.','Nếu Man City có ý định đoạt một cú ăn 4 không tưởng trong mùa giải này, đây sẽ là tuần lễ mang tính định đoạt với thầy trò Pep Guardiola, ít nhất là ở mặt trận trong nước bởi Champions League sẽ đến sau.','1-1-2.jpg',0,10,1,'2018-01-13 08:37:05',NULL),(9,'Man City “vô đối 9”: Dễ vỡ giấc mơ “ăn 4” trong 1 tuần','Man-City-vo-doi-de-vo-giac-mo9','Một Man City kiệt sức có thể tan vỡ giấc mơ ăn 4 trong vòng 1 tuần.','Nếu Man City có ý định đoạt một cú ăn 4 không tưởng trong mùa giải này, đây sẽ là tuần lễ mang tính định đoạt với thầy trò Pep Guardiola, ít nhất là ở mặt trận trong nước bởi Champions League sẽ đến sau.','1-1-2.jpg',1,10,1,'2018-01-13 08:37:05',NULL),(10,'Man City “vô đối 10”: Dễ vỡ giấc mơ “ăn 4” trong 1 tuần','Man-City-vo-doi-de-vo-giac-mo10','Một Man City kiệt sức có thể tan vỡ giấc mơ ăn 4 trong vòng 1 tuần.','Nếu Man City có ý định đoạt một cú ăn 4 không tưởng trong mùa giải này, đây sẽ là tuần lễ mang tính định đoạt với thầy trò Pep Guardiola, ít nhất là ở mặt trận trong nước bởi Champions League sẽ đến sau.','1-1-2.jpg',0,10,1,'2018-01-13 08:37:05',NULL),(11,'Tin vắn bóng đá 1\": Dễ vỡ giấc mơ “ăn 4” trong 1 tuần','Tin-van-bong-da-1','Một Man City kiệt sức có thể tan vỡ giấc mơ ăn 4 trong vòng 1 tuần.','Nếu Man City có ý định đoạt một cú ăn 4 không tưởng trong mùa giải này, đây sẽ là tuần lễ mang tính định đoạt với thầy trò Pep Guardiola, ít nhất là ở mặt trận trong nước bởi Champions League sẽ đến sau.','1-1-2.jpg',1,10,2,'2018-01-13 08:37:05',NULL),(12,'Tin vắn bóng đá 2”: Dễ vỡ giấc mơ “ăn 4” trong 1 tuần','Tin-van-bong-da-2','Một Man City kiệt sức có thể tan vỡ giấc mơ ăn 4 trong vòng 1 tuần.','Nếu Man City có ý định đoạt một cú ăn 4 không tưởng trong mùa giải này, đây sẽ là tuần lễ mang tính định đoạt với thầy trò Pep Guardiola, ít nhất là ở mặt trận trong nước bởi Champions League sẽ đến sau.','1-1-2.jpg',0,10,2,'2018-01-13 08:37:05',NULL),(13,'Tin vắn bóng đá 3”: Dễ vỡ giấc mơ “ăn 4” trong 1 tuần','Tin-van-bong-da-3','Một Man City kiệt sức có thể tan vỡ giấc mơ ăn 4 trong vòng 1 tuần.','Nếu Man City có ý định đoạt một cú ăn 4 không tưởng trong mùa giải này, đây sẽ là tuần lễ mang tính định đoạt với thầy trò Pep Guardiola, ít nhất là ở mặt trận trong nước bởi Champions League sẽ đến sau.','1-1-2.jpg',1,10,2,'2018-01-13 08:37:05',NULL),(14,'Tin vắn bóng đá 4”: Dễ vỡ giấc mơ “ăn 4” trong 1 tuần','Tin-van-bong-da-4','Một Man City kiệt sức có thể tan vỡ giấc mơ ăn 4 trong vòng 1 tuần.','Nếu Man City có ý định đoạt một cú ăn 4 không tưởng trong mùa giải này, đây sẽ là tuần lễ mang tính định đoạt với thầy trò Pep Guardiola, ít nhất là ở mặt trận trong nước bởi Champions League sẽ đến sau.','1-1-2.jpg',0,10,2,'2018-01-13 08:37:05',NULL),(15,'Tin vắn bóng đá 5”: Dễ vỡ giấc mơ “ăn 4” trong 1 tuần','Tin-van-bong-da-5','Một Man City kiệt sức có thể tan vỡ giấc mơ ăn 4 trong vòng 1 tuần.','Nếu Man City có ý định đoạt một cú ăn 4 không tưởng trong mùa giải này, đây sẽ là tuần lễ mang tính định đoạt với thầy trò Pep Guardiola, ít nhất là ở mặt trận trong nước bởi Champions League sẽ đến sau.','1-1-2.jpg',1,10,2,'2018-01-13 08:37:05',NULL),(16,'Bóng đá việt nam 1\": Dễ vỡ giấc mơ “ăn 4” trong 1 tuần','Bong-da-viet-nam-1','Một Man City kiệt sức có thể tan vỡ giấc mơ ăn 4 trong vòng 1 tuần.','Nếu Man City có ý định đoạt một cú ăn 4 không tưởng trong mùa giải này, đây sẽ là tuần lễ mang tính định đoạt với thầy trò Pep Guardiola, ít nhất là ở mặt trận trong nước bởi Champions League sẽ đến sau.','1-1-2.jpg',0,10,3,'2018-01-13 08:37:05',NULL),(17,'Bóng đá việt nam 2”: Dễ vỡ giấc mơ “ăn 4” trong 1 tuần','Bong-da-viet-nam-2','Một Man City kiệt sức có thể tan vỡ giấc mơ ăn 4 trong vòng 1 tuần.','Nếu Man City có ý định đoạt một cú ăn 4 không tưởng trong mùa giải này, đây sẽ là tuần lễ mang tính định đoạt với thầy trò Pep Guardiola, ít nhất là ở mặt trận trong nước bởi Champions League sẽ đến sau.','1-1-2.jpg',1,10,3,'2018-01-13 08:37:05',NULL),(18,'Bóng đá việt nam 3”: Dễ vỡ giấc mơ “ăn 4” trong 1 tuần','Bong-da-viet-nam-3','Một Man City kiệt sức có thể tan vỡ giấc mơ ăn 4 trong vòng 1 tuần.','Nếu Man City có ý định đoạt một cú ăn 4 không tưởng trong mùa giải này, đây sẽ là tuần lễ mang tính định đoạt với thầy trò Pep Guardiola, ít nhất là ở mặt trận trong nước bởi Champions League sẽ đến sau.','1-1-2.jpg',0,10,3,'2018-01-13 08:37:05',NULL),(19,'Bóng đá việt nam 4”: Dễ vỡ giấc mơ “ăn 4” trong 1 tuần','Bong-da-viet-nam-4','Một Man City kiệt sức có thể tan vỡ giấc mơ ăn 4 trong vòng 1 tuần.','Nếu Man City có ý định đoạt một cú ăn 4 không tưởng trong mùa giải này, đây sẽ là tuần lễ mang tính định đoạt với thầy trò Pep Guardiola, ít nhất là ở mặt trận trong nước bởi Champions League sẽ đến sau.','1-1-2.jpg',1,10,3,'2018-01-13 08:37:05',NULL),(20,'Bóng đá việt nam 5”: Dễ vỡ giấc mơ “ăn 4” trong 1 tuần','Bong-da-viet-nam-5','Một Man City kiệt sức có thể tan vỡ giấc mơ ăn 4 trong vòng 1 tuần.','Nếu Man City có ý định đoạt một cú ăn 4 không tưởng trong mùa giải này, đây sẽ là tuần lễ mang tính định đoạt với thầy trò Pep Guardiola, ít nhất là ở mặt trận trong nước bởi Champions League sẽ đến sau.','1-1-2.jpg',0,10,3,'2018-01-13 08:37:05',NULL),(21,'Top ghi bàn 1\": Dễ vỡ giấc mơ “ăn 4” trong 1 tuần','Top-ghi-ban-1','Một Man City kiệt sức có thể tan vỡ giấc mơ ăn 4 trong vòng 1 tuần.','Nếu Man City có ý định đoạt một cú ăn 4 không tưởng trong mùa giải này, đây sẽ là tuần lễ mang tính định đoạt với thầy trò Pep Guardiola, ít nhất là ở mặt trận trong nước bởi Champions League sẽ đến sau.','1-1-2.jpg',1,10,4,'2018-01-13 08:37:05',NULL),(22,'Top ghi bàn 2”: Dễ vỡ giấc mơ “ăn 4” trong 1 tuần','Top-ghi-ban-2','Một Man City kiệt sức có thể tan vỡ giấc mơ ăn 4 trong vòng 1 tuần.','Nếu Man City có ý định đoạt một cú ăn 4 không tưởng trong mùa giải này, đây sẽ là tuần lễ mang tính định đoạt với thầy trò Pep Guardiola, ít nhất là ở mặt trận trong nước bởi Champions League sẽ đến sau.','1-1-2.jpg',0,10,4,'2018-01-13 08:37:05',NULL),(23,'Top ghi bàn 3”: Dễ vỡ giấc mơ “ăn 4” trong 1 tuần','Top-ghi-ban-3','Một Man City kiệt sức có thể tan vỡ giấc mơ ăn 4 trong vòng 1 tuần.','Nếu Man City có ý định đoạt một cú ăn 4 không tưởng trong mùa giải này, đây sẽ là tuần lễ mang tính định đoạt với thầy trò Pep Guardiola, ít nhất là ở mặt trận trong nước bởi Champions League sẽ đến sau.','1-1-2.jpg',1,10,4,'2018-01-13 08:37:05',NULL),(24,'Top ghi bàn 4”: Dễ vỡ giấc mơ “ăn 4” trong 1 tuần','Top-ghi-ban-4','Một Man City kiệt sức có thể tan vỡ giấc mơ ăn 4 trong vòng 1 tuần.','Nếu Man City có ý định đoạt một cú ăn 4 không tưởng trong mùa giải này, đây sẽ là tuần lễ mang tính định đoạt với thầy trò Pep Guardiola, ít nhất là ở mặt trận trong nước bởi Champions League sẽ đến sau.','1-1-2.jpg',0,10,4,'2018-01-13 08:37:05',NULL),(25,'Top ghi bàn 5”: Dễ vỡ giấc mơ “ăn 4” trong 1 tuần','Top-ghi-ban-5','Một Man City kiệt sức có thể tan vỡ giấc mơ ăn 4 trong vòng 1 tuần.','Nếu Man City có ý định đoạt một cú ăn 4 không tưởng trong mùa giải này, đây sẽ là tuần lễ mang tính định đoạt với thầy trò Pep Guardiola, ít nhất là ở mặt trận trong nước bởi Champions League sẽ đến sau.','1-1-2.jpg',1,10,4,'2018-01-13 08:37:05',NULL),(26,'Điểm nóng 1\": Dễ vỡ giấc mơ “ăn 4” trong 1 tuần','Diem-nong-1','Một Man City kiệt sức có thể tan vỡ giấc mơ ăn 4 trong vòng 1 tuần.','Nếu Man City có ý định đoạt một cú ăn 4 không tưởng trong mùa giải này, đây sẽ là tuần lễ mang tính định đoạt với thầy trò Pep Guardiola, ít nhất là ở mặt trận trong nước bởi Champions League sẽ đến sau.','1-1-2.jpg',0,10,5,'2018-01-13 08:37:05',NULL),(27,'Điểm nóng 2”: Dễ vỡ giấc mơ “ăn 4” trong 1 tuần','Diem-nong-2','Một Man City kiệt sức có thể tan vỡ giấc mơ ăn 4 trong vòng 1 tuần.','Nếu Man City có ý định đoạt một cú ăn 4 không tưởng trong mùa giải này, đây sẽ là tuần lễ mang tính định đoạt với thầy trò Pep Guardiola, ít nhất là ở mặt trận trong nước bởi Champions League sẽ đến sau.','1-1-2.jpg',1,10,5,'2018-01-13 08:37:05',NULL),(28,'Điểm nóng 3”: Dễ vỡ giấc mơ “ăn 4” trong 1 tuần','Diem-nong-3','Một Man City kiệt sức có thể tan vỡ giấc mơ ăn 4 trong vòng 1 tuần.','Nếu Man City có ý định đoạt một cú ăn 4 không tưởng trong mùa giải này, đây sẽ là tuần lễ mang tính định đoạt với thầy trò Pep Guardiola, ít nhất là ở mặt trận trong nước bởi Champions League sẽ đến sau.','1-1-2.jpg',0,10,5,'2018-01-13 08:37:05',NULL),(29,'Điểm nóng 4”: Dễ vỡ giấc mơ “ăn 4” trong 1 tuần','Diem-nong-4','Một Man City kiệt sức có thể tan vỡ giấc mơ ăn 4 trong vòng 1 tuần.','Nếu Man City có ý định đoạt một cú ăn 4 không tưởng trong mùa giải này, đây sẽ là tuần lễ mang tính định đoạt với thầy trò Pep Guardiola, ít nhất là ở mặt trận trong nước bởi Champions League sẽ đến sau.','1-1-2.jpg',1,10,5,'2018-01-13 08:37:05',NULL),(30,'Điểm nóng 5”: Dễ vỡ giấc mơ “ăn 4” trong 1 tuần','Diem-nong-5','Một Man City kiệt sức có thể tan vỡ giấc mơ ăn 4 trong vòng 1 tuần.','Nếu Man City có ý định đoạt một cú ăn 4 không tưởng trong mùa giải này, đây sẽ là tuần lễ mang tính định đoạt với thầy trò Pep Guardiola, ít nhất là ở mặt trận trong nước bởi Champions League sẽ đến sau.','1-1-2.jpg',0,10,5,'2018-01-13 08:37:05',NULL),(31,'Quân sự 1\": Dễ vỡ giấc mơ “ăn 4” trong 1 tuần','Quan-su-1','Một Man City kiệt sức có thể tan vỡ giấc mơ ăn 4 trong vòng 1 tuần.','Nếu Man City có ý định đoạt một cú ăn 4 không tưởng trong mùa giải này, đây sẽ là tuần lễ mang tính định đoạt với thầy trò Pep Guardiola, ít nhất là ở mặt trận trong nước bởi Champions League sẽ đến sau.','1-1-2.jpg',1,10,6,'2018-01-13 08:37:05',NULL),(32,'Quân sự 2”: Dễ vỡ giấc mơ “ăn 4” trong 1 tuần','Quan-su-2','Một Man City kiệt sức có thể tan vỡ giấc mơ ăn 4 trong vòng 1 tuần.','Nếu Man City có ý định đoạt một cú ăn 4 không tưởng trong mùa giải này, đây sẽ là tuần lễ mang tính định đoạt với thầy trò Pep Guardiola, ít nhất là ở mặt trận trong nước bởi Champions League sẽ đến sau.','1-1-2.jpg',0,10,6,'2018-01-13 08:37:05',NULL),(33,'Quân sự 3”: Dễ vỡ giấc mơ “ăn 4” trong 1 tuần','Quan-su-3','Một Man City kiệt sức có thể tan vỡ giấc mơ ăn 4 trong vòng 1 tuần.','Nếu Man City có ý định đoạt một cú ăn 4 không tưởng trong mùa giải này, đây sẽ là tuần lễ mang tính định đoạt với thầy trò Pep Guardiola, ít nhất là ở mặt trận trong nước bởi Champions League sẽ đến sau.','1-1-2.jpg',1,10,6,'2018-01-13 08:37:05',NULL),(34,'Quân sự 4”: Dễ vỡ giấc mơ “ăn 4” trong 1 tuần','Quan-su-4','Một Man City kiệt sức có thể tan vỡ giấc mơ ăn 4 trong vòng 1 tuần.','Nếu Man City có ý định đoạt một cú ăn 4 không tưởng trong mùa giải này, đây sẽ là tuần lễ mang tính định đoạt với thầy trò Pep Guardiola, ít nhất là ở mặt trận trong nước bởi Champions League sẽ đến sau.','1-1-2.jpg',0,10,6,'2018-01-13 08:37:05',NULL),(35,'Quân sự 5”: Dễ vỡ giấc mơ “ăn 4” trong 1 tuần','Quan-su-5','Một Man City kiệt sức có thể tan vỡ giấc mơ ăn 4 trong vòng 1 tuần.','Nếu Man City có ý định đoạt một cú ăn 4 không tưởng trong mùa giải này, đây sẽ là tuần lễ mang tính định đoạt với thầy trò Pep Guardiola, ít nhất là ở mặt trận trong nước bởi Champions League sẽ đến sau.','1-1-2.jpg',1,10,6,'2018-01-13 08:37:05',NULL),(36,'Hồ sơ 1\": Dễ vỡ giấc mơ “ăn 4” trong 1 tuần','Ho-so-1','Một Man City kiệt sức có thể tan vỡ giấc mơ ăn 4 trong vòng 1 tuần.','Nếu Man City có ý định đoạt một cú ăn 4 không tưởng trong mùa giải này, đây sẽ là tuần lễ mang tính định đoạt với thầy trò Pep Guardiola, ít nhất là ở mặt trận trong nước bởi Champions League sẽ đến sau.','1-1-2.jpg',0,10,7,'2018-01-13 08:37:05',NULL),(37,'Hồ sơ 2”: Dễ vỡ giấc mơ “ăn 4” trong 1 tuần','Ho-so-2','Một Man City kiệt sức có thể tan vỡ giấc mơ ăn 4 trong vòng 1 tuần.','Nếu Man City có ý định đoạt một cú ăn 4 không tưởng trong mùa giải này, đây sẽ là tuần lễ mang tính định đoạt với thầy trò Pep Guardiola, ít nhất là ở mặt trận trong nước bởi Champions League sẽ đến sau.','1-1-2.jpg',1,10,7,'2018-01-13 08:37:05',NULL),(38,'Hồ sơ 3”: Dễ vỡ giấc mơ “ăn 4” trong 1 tuần','Ho-so-3','Một Man City kiệt sức có thể tan vỡ giấc mơ ăn 4 trong vòng 1 tuần.','Nếu Man City có ý định đoạt một cú ăn 4 không tưởng trong mùa giải này, đây sẽ là tuần lễ mang tính định đoạt với thầy trò Pep Guardiola, ít nhất là ở mặt trận trong nước bởi Champions League sẽ đến sau.','1-1-2.jpg',0,10,7,'2018-01-13 08:37:05',NULL),(39,'Hồ sơ 4”: Dễ vỡ giấc mơ “ăn 4” trong 1 tuần','Ho-so-4','Một Man City kiệt sức có thể tan vỡ giấc mơ ăn 4 trong vòng 1 tuần.','Nếu Man City có ý định đoạt một cú ăn 4 không tưởng trong mùa giải này, đây sẽ là tuần lễ mang tính định đoạt với thầy trò Pep Guardiola, ít nhất là ở mặt trận trong nước bởi Champions League sẽ đến sau.','1-1-2.jpg',1,10,7,'2018-01-13 08:37:05',NULL),(40,'Hồ sơ 5”: Dễ vỡ giấc mơ “ăn 4” trong 1 tuần','Ho-so-5','Một Man City kiệt sức có thể tan vỡ giấc mơ ăn 4 trong vòng 1 tuần.','Nếu Man City có ý định đoạt một cú ăn 4 không tưởng trong mùa giải này, đây sẽ là tuần lễ mang tính định đoạt với thầy trò Pep Guardiola, ít nhất là ở mặt trận trong nước bởi Champions League sẽ đến sau.','1-1-2.jpg',0,10,7,'2018-01-13 08:37:05',NULL),(41,'Thế giới động vật 1\": Dễ vỡ giấc mơ “ăn 4” trong 1 tuần','The-gioi-dong-vat-1','Một Man City kiệt sức có thể tan vỡ giấc mơ ăn 4 trong vòng 1 tuần.','Nếu Man City có ý định đoạt một cú ăn 4 không tưởng trong mùa giải này, đây sẽ là tuần lễ mang tính định đoạt với thầy trò Pep Guardiola, ít nhất là ở mặt trận trong nước bởi Champions League sẽ đến sau.','1-1-2.jpg',1,10,8,'2018-01-13 08:37:05',NULL),(42,'Tin tức thời trang 1\": Dễ vỡ giấc mơ “ăn 4” trong 1 tuần','Tin-tuc-thoi-trang-1','Một Man City kiệt sức có thể tan vỡ giấc mơ ăn 4 trong vòng 1 tuần.','Nếu Man City có ý định đoạt một cú ăn 4 không tưởng trong mùa giải này, đây sẽ là tuần lễ mang tính định đoạt với thầy trò Pep Guardiola, ít nhất là ở mặt trận trong nước bởi Champions League sẽ đến sau.','1-1-2.jpg',0,10,9,'2018-01-13 08:37:05',NULL),(43,'Người mẫu - Hoa hậu 1\": Dễ vỡ giấc mơ “ăn 4” trong 1 tuần','Nguoi-mau-Hoa-hau-1','Một Man City kiệt sức có thể tan vỡ giấc mơ ăn 4 trong vòng 1 tuần.','Nếu Man City có ý định đoạt một cú ăn 4 không tưởng trong mùa giải này, đây sẽ là tuần lễ mang tính định đoạt với thầy trò Pep Guardiola, ít nhất là ở mặt trận trong nước bởi Champions League sẽ đến sau.','1-1-2.jpg',1,10,10,'2018-01-13 08:37:05',NULL),(44,'Thế giới thời trang 1\": Dễ vỡ giấc mơ “ăn 4” trong 1 tuần','The-gioi-thoi-trang-1','Một Man City kiệt sức có thể tan vỡ giấc mơ ăn 4 trong vòng 1 tuần.','Nếu Man City có ý định đoạt một cú ăn 4 không tưởng trong mùa giải này, đây sẽ là tuần lễ mang tính định đoạt với thầy trò Pep Guardiola, ít nhất là ở mặt trận trong nước bởi Champions League sẽ đến sau.','1-1-2.jpg',0,10,11,'2018-01-13 08:37:05',NULL),(45,'Trang sức 1\": Dễ vỡ giấc mơ “ăn 4” trong 1 tuần','Trang-suc-1','Một Man City kiệt sức có thể tan vỡ giấc mơ ăn 4 trong vòng 1 tuần.','Nếu Man City có ý định đoạt một cú ăn 4 không tưởng trong mùa giải này, đây sẽ là tuần lễ mang tính định đoạt với thầy trò Pep Guardiola, ít nhất là ở mặt trận trong nước bởi Champions League sẽ đến sau.','1-1-2.jpg',1,10,12,'2018-01-13 08:37:05',NULL),(46,'Giầy - dép 1\": Dễ vỡ giấc mơ “ăn 4” trong 1 tuần','Giay-dep-1','Một Man City kiệt sức có thể tan vỡ giấc mơ ăn 4 trong vòng 1 tuần.','Nếu Man City có ý định đoạt một cú ăn 4 không tưởng trong mùa giải này, đây sẽ là tuần lễ mang tính định đoạt với thầy trò Pep Guardiola, ít nhất là ở mặt trận trong nước bởi Champions League sẽ đến sau.','1-1-2.jpg',0,10,13,'2018-01-13 08:37:05',NULL),(47,'Vụ án nổi tiếng 1\": Dễ vỡ giấc mơ “ăn 4” trong 1 tuần','Vu-an-noi-tieng-1','Một Man City kiệt sức có thể tan vỡ giấc mơ ăn 4 trong vòng 1 tuần.','Nếu Man City có ý định đoạt một cú ăn 4 không tưởng trong mùa giải này, đây sẽ là tuần lễ mang tính định đoạt với thầy trò Pep Guardiola, ít nhất là ở mặt trận trong nước bởi Champions League sẽ đến sau.','1-1-2.jpg',1,10,14,'2018-01-13 08:37:05',NULL),(48,'Kỳ án thế giới 1\": Dễ vỡ giấc mơ “ăn 4” trong 1 tuần','Ky-an-the-gioi-1','Một Man City kiệt sức có thể tan vỡ giấc mơ ăn 4 trong vòng 1 tuần.','Nếu Man City có ý định đoạt một cú ăn 4 không tưởng trong mùa giải này, đây sẽ là tuần lễ mang tính định đoạt với thầy trò Pep Guardiola, ít nhất là ở mặt trận trong nước bởi Champions League sẽ đến sau.','1-1-2.jpg',0,10,15,'2018-01-13 08:37:05',NULL),(49,'Cảnh giác 1\": Dễ vỡ giấc mơ “ăn 4” trong 1 tuần','Canh-giac-1','Một Man City kiệt sức có thể tan vỡ giấc mơ ăn 4 trong vòng 1 tuần.','Nếu Man City có ý định đoạt một cú ăn 4 không tưởng trong mùa giải này, đây sẽ là tuần lễ mang tính định đoạt với thầy trò Pep Guardiola, ít nhất là ở mặt trận trong nước bởi Champions League sẽ đến sau.','1-1-2.jpg',1,10,16,'2018-01-13 08:37:05',NULL),(50,'Phóng sự 1\": Dễ vỡ giấc mơ “ăn 4” trong 1 tuần','Phong-su-1','Một Man City kiệt sức có thể tan vỡ giấc mơ ăn 4 trong vòng 1 tuần.','Nếu Man City có ý định đoạt một cú ăn 4 không tưởng trong mùa giải này, đây sẽ là tuần lễ mang tính định đoạt với thầy trò Pep Guardiola, ít nhất là ở mặt trận trong nước bởi Champions League sẽ đến sau.','1-1-2.jpg',0,10,17,'2018-01-13 08:37:05',NULL),(51,'Món ngon mỗi ngày 1\": Dễ vỡ giấc mơ “ăn 4” trong 1 tuần','Mon-ngon-moi-ngay-1','Một Man City kiệt sức có thể tan vỡ giấc mơ ăn 4 trong vòng 1 tuần.','Nếu Man City có ý định đoạt một cú ăn 4 không tưởng trong mùa giải này, đây sẽ là tuần lễ mang tính định đoạt với thầy trò Pep Guardiola, ít nhất là ở mặt trận trong nước bởi Champions League sẽ đến sau.','1-1-2.jpg',1,10,18,'2018-01-13 08:37:05',NULL),(52,'Đặc sản 3 miền 1\": Dễ vỡ giấc mơ “ăn 4” trong 1 tuần','Dac-san-3-mien-1','Một Man City kiệt sức có thể tan vỡ giấc mơ ăn 4 trong vòng 1 tuần.','Nếu Man City có ý định đoạt một cú ăn 4 không tưởng trong mùa giải này, đây sẽ là tuần lễ mang tính định đoạt với thầy trò Pep Guardiola, ít nhất là ở mặt trận trong nước bởi Champions League sẽ đến sau.','1-1-2.jpg',0,10,19,'2018-01-13 08:37:05',NULL),(53,'Tin tức Ẩm thực 1\": Dễ vỡ giấc mơ “ăn 4” trong 1 tuần','Tin-tuc-Am-thuc-1','Một Man City kiệt sức có thể tan vỡ giấc mơ ăn 4 trong vòng 1 tuần.','Nếu Man City có ý định đoạt một cú ăn 4 không tưởng trong mùa giải này, đây sẽ là tuần lễ mang tính định đoạt với thầy trò Pep Guardiola, ít nhất là ở mặt trận trong nước bởi Champions League sẽ đến sau.','1-1-2.jpg',1,10,20,'2018-01-13 08:37:05',NULL),(54,'Đặt ăn tại nhà qua điện thoại 1\": Dễ vỡ giấc mơ “ăn 4” trong 1 tuần','Dat-an-tai-nha-qua-dien-thoai-1','Một Man City kiệt sức có thể tan vỡ giấc mơ ăn 4 trong vòng 1 tuần.','Nếu Man City có ý định đoạt một cú ăn 4 không tưởng trong mùa giải này, đây sẽ là tuần lễ mang tính định đoạt với thầy trò Pep Guardiola, ít nhất là ở mặt trận trong nước bởi Champions League sẽ đến sau.','1-1-2.jpg',0,10,21,'2018-01-13 08:37:05',NULL),(55,'Răng khỏe đẹp 1\": Dễ vỡ giấc mơ “ăn 4” trong 1 tuần','Rang-khoe-dep-1','Một Man City kiệt sức có thể tan vỡ giấc mơ ăn 4 trong vòng 1 tuần.','Nếu Man City có ý định đoạt một cú ăn 4 không tưởng trong mùa giải này, đây sẽ là tuần lễ mang tính định đoạt với thầy trò Pep Guardiola, ít nhất là ở mặt trận trong nước bởi Champions League sẽ đến sau.','1-1-2.jpg',1,10,22,'2018-01-13 08:37:05',NULL),(56,'Thẩm mỹ viện 1\": Dễ vỡ giấc mơ “ăn 4” trong 1 tuần','Tham-my-vien-1','Một Man City kiệt sức có thể tan vỡ giấc mơ ăn 4 trong vòng 1 tuần.','Nếu Man City có ý định đoạt một cú ăn 4 không tưởng trong mùa giải này, đây sẽ là tuần lễ mang tính định đoạt với thầy trò Pep Guardiola, ít nhất là ở mặt trận trong nước bởi Champions League sẽ đến sau.','1-1-2.jpg',0,10,23,'2018-01-13 08:37:05',NULL),(57,'Trị mụn và nấm da 1\": Dễ vỡ giấc mơ “ăn 4” trong 1 tuần','Tri-mun-va-nam-da-1','Một Man City kiệt sức có thể tan vỡ giấc mơ ăn 4 trong vòng 1 tuần.','Nếu Man City có ý định đoạt một cú ăn 4 không tưởng trong mùa giải này, đây sẽ là tuần lễ mang tính định đoạt với thầy trò Pep Guardiola, ít nhất là ở mặt trận trong nước bởi Champions League sẽ đến sau.','1-1-2.jpg',1,10,24,'2018-01-13 08:37:05',NULL),(58,'Trang điểm 1\": Dễ vỡ giấc mơ “ăn 4” trong 1 tuần','Trang-diem-1','Một Man City kiệt sức có thể tan vỡ giấc mơ ăn 4 trong vòng 1 tuần.','Nếu Man City có ý định đoạt một cú ăn 4 không tưởng trong mùa giải này, đây sẽ là tuần lễ mang tính định đoạt với thầy trò Pep Guardiola, ít nhất là ở mặt trận trong nước bởi Champions League sẽ đến sau.','1-1-2.jpg',0,10,25,'2018-01-13 08:37:05',NULL),(59,'Người mẫu - Hoa hậu 1\": Dễ vỡ giấc mơ “ăn 4” trong 1 tuần','Nguoi-mau-Hoa-hau-1','Một Man City kiệt sức có thể tan vỡ giấc mơ ăn 4 trong vòng 1 tuần.','Nếu Man City có ý định đoạt một cú ăn 4 không tưởng trong mùa giải này, đây sẽ là tuần lễ mang tính định đoạt với thầy trò Pep Guardiola, ít nhất là ở mặt trận trong nước bởi Champions League sẽ đến sau.','1-1-2.jpg',1,10,26,'2018-01-13 08:37:05',NULL),(60,'Thế giới thời trang 1\": Dễ vỡ giấc mơ “ăn 4” trong 1 tuần','The-gioi-thoi-trang-1','Một Man City kiệt sức có thể tan vỡ giấc mơ ăn 4 trong vòng 1 tuần.','Nếu Man City có ý định đoạt một cú ăn 4 không tưởng trong mùa giải này, đây sẽ là tuần lễ mang tính định đoạt với thầy trò Pep Guardiola, ít nhất là ở mặt trận trong nước bởi Champions League sẽ đến sau.','1-1-2.jpg',0,10,27,'2018-01-13 08:37:05',NULL),(61,'Trang sức 1\": Dễ vỡ giấc mơ “ăn 4” trong 1 tuần','Trang-suc-1','Một Man City kiệt sức có thể tan vỡ giấc mơ ăn 4 trong vòng 1 tuần.','Nếu Man City có ý định đoạt một cú ăn 4 không tưởng trong mùa giải này, đây sẽ là tuần lễ mang tính định đoạt với thầy trò Pep Guardiola, ít nhất là ở mặt trận trong nước bởi Champions League sẽ đến sau.','1-1-2.jpg',1,10,28,'2018-01-13 08:37:05',NULL),(62,'Giầy - dép 1\": Dễ vỡ giấc mơ “ăn 4” trong 1 tuần','Giay-dep-1','Một Man City kiệt sức có thể tan vỡ giấc mơ ăn 4 trong vòng 1 tuần.','Nếu Man City có ý định đoạt một cú ăn 4 không tưởng trong mùa giải này, đây sẽ là tuần lễ mang tính định đoạt với thầy trò Pep Guardiola, ít nhất là ở mặt trận trong nước bởi Champions League sẽ đến sau.','1-1-2.jpg',0,10,29,'2018-01-13 08:37:05',NULL),(63,'Vụ án nổi tiếng 1\": Dễ vỡ giấc mơ “ăn 4” trong 1 tuần','Vu-an-noi-tieng-1','Một Man City kiệt sức có thể tan vỡ giấc mơ ăn 4 trong vòng 1 tuần.','Nếu Man City có ý định đoạt một cú ăn 4 không tưởng trong mùa giải này, đây sẽ là tuần lễ mang tính định đoạt với thầy trò Pep Guardiola, ít nhất là ở mặt trận trong nước bởi Champions League sẽ đến sau.','1-1-2.jpg',1,10,30,'2018-01-13 08:37:05',NULL),(64,'Kỳ án thế giới 1\": Dễ vỡ giấc mơ “ăn 4” trong 1 tuần','Ky-an-the-gioi-1','Một Man City kiệt sức có thể tan vỡ giấc mơ ăn 4 trong vòng 1 tuần.','Nếu Man City có ý định đoạt một cú ăn 4 không tưởng trong mùa giải này, đây sẽ là tuần lễ mang tính định đoạt với thầy trò Pep Guardiola, ít nhất là ở mặt trận trong nước bởi Champions League sẽ đến sau.','1-1-2.jpg',0,10,31,'2018-01-13 08:37:05',NULL),(65,'Cảnh giác 1\": Dễ vỡ giấc mơ “ăn 4” trong 1 tuần','Canh-giac-1','Một Man City kiệt sức có thể tan vỡ giấc mơ ăn 4 trong vòng 1 tuần.','Nếu Man City có ý định đoạt một cú ăn 4 không tưởng trong mùa giải này, đây sẽ là tuần lễ mang tính định đoạt với thầy trò Pep Guardiola, ít nhất là ở mặt trận trong nước bởi Champions League sẽ đến sau.','1-1-2.jpg',1,10,32,'2018-01-13 08:37:05',NULL),(66,'Phóng sự 1\": Dễ vỡ giấc mơ “ăn 4” trong 1 tuần','Phong-su-1','Một Man City kiệt sức có thể tan vỡ giấc mơ ăn 4 trong vòng 1 tuần.','Nếu Man City có ý định đoạt một cú ăn 4 không tưởng trong mùa giải này, đây sẽ là tuần lễ mang tính định đoạt với thầy trò Pep Guardiola, ít nhất là ở mặt trận trong nước bởi Champions League sẽ đến sau.','1-1-2.jpg',0,10,33,'2018-01-13 08:37:05',NULL),(67,'Món ngon mỗi ngày 1\": Dễ vỡ giấc mơ “ăn 4” trong 1 tuần','Mon-ngon-moi-ngay-1','Một Man City kiệt sức có thể tan vỡ giấc mơ ăn 4 trong vòng 1 tuần.','Nếu Man City có ý định đoạt một cú ăn 4 không tưởng trong mùa giải này, đây sẽ là tuần lễ mang tính định đoạt với thầy trò Pep Guardiola, ít nhất là ở mặt trận trong nước bởi Champions League sẽ đến sau.','1-1-2.jpg',1,10,34,'2018-01-13 08:37:05',NULL),(68,'Đặc sản 3 miền 1\": Dễ vỡ giấc mơ “ăn 4” trong 1 tuần','Dac-san-3-mien-1','Một Man City kiệt sức có thể tan vỡ giấc mơ ăn 4 trong vòng 1 tuần.','Nếu Man City có ý định đoạt một cú ăn 4 không tưởng trong mùa giải này, đây sẽ là tuần lễ mang tính định đoạt với thầy trò Pep Guardiola, ít nhất là ở mặt trận trong nước bởi Champions League sẽ đến sau.','1-1-2.jpg',0,10,35,'2018-01-13 08:37:05',NULL),(69,'Tin tức Ẩm thực 1\": Dễ vỡ giấc mơ “ăn 4” trong 1 tuần','Tin-tuc-Am-thuc-1','Một Man City kiệt sức có thể tan vỡ giấc mơ ăn 4 trong vòng 1 tuần.','Nếu Man City có ý định đoạt một cú ăn 4 không tưởng trong mùa giải này, đây sẽ là tuần lễ mang tính định đoạt với thầy trò Pep Guardiola, ít nhất là ở mặt trận trong nước bởi Champions League sẽ đến sau.','1-1-2.jpg',1,10,36,'2018-01-13 08:37:05',NULL),(71,'Răng khỏe đẹp 1\": Dễ vỡ giấc mơ “ăn 4” trong 1 tuần','Rang-khoe-dep-1','Một Man City kiệt sức có thể tan vỡ giấc mơ ăn 4 trong vòng 1 tuần.','Nếu Man City có ý định đoạt một cú ăn 4 không tưởng trong mùa giải này, đây sẽ là tuần lễ mang tính định đoạt với thầy trò Pep Guardiola, ít nhất là ở mặt trận trong nước bởi Champions League sẽ đến sau.','1-1-2.jpg',1,10,38,'2018-01-13 08:37:05',NULL),(72,'Coutinho về Barca: Khơi mào \"bom tấn\" ngoại hạng Anh đổ bộ Liga','coutinho-ve-barca-khoi-mao-bom-tan-ngoai-hang-anh-do-bo-liga','<h1>Coutinho về Barca: Khơi m&agrave;o &quot;bom tấn&quot; ngoại hạng Anh đổ bộ Liga</h1>','<h1>Coutinho về Barca: Khơi m&agrave;o &quot;bom tấn&quot; ngoại hạng Anh đổ bộ Liga</h1>','1C9d2_1-1-1.jpg',0,0,1,'2018-01-13 08:37:05','2018-01-08 06:36:44'),(73,'Chuyển nhượng HOT 8/1: Ronaldo và Benzema có phí giải phóng cao nhất thế giới','chuyen-nhuong-hot-8-1-ronaldo-va-benzema-co-phi-giai-phong-cao-nhat-the-gioi','<p>Theo tiết lộ của Daily Mail, Ronaldo v&agrave; Benzema l&agrave; 2 cầu thủ c&oacute; điều khoản giải ph&oacute;ng cao nhất thế giới với số tiền l&ecirc;n tới gần 1 tỷ bảng.</p>','<p><strong>Ronaldo v&agrave; Benzema&nbsp;c&oacute; điều khoản giải ph&oacute;ng cao nhất thế giới</strong></p>\r\n\r\n<p>Theo c&ocirc;ng bố mới nhất của tờ Daily Mail,&nbsp;Real v&agrave; Barca đang&nbsp;thống trị tuyệt đối Top 10 cầu thủ c&oacute; ph&iacute; giải ph&oacute;ng cao nhất thế giới. Ngo&agrave;i Leo Messi v&agrave; Coutinho, 8 cầu thủ c&ograve;n lại trong Top 10 l&agrave; của&nbsp;<a href=\"http://www.24h.com.vn/real-madrid-c48e1522.html\">Real Madrid</a>.</p>\r\n\r\n<p>Cris Ronaldo v&agrave; Benzema đứng đầu với mức ph&iacute; giải ph&oacute;ng l&ecirc;n đến 886 triệu bảng. Trong khi Isco v&agrave; Asensio đứng thứ 4 sau Leo Messi, với mức ph&iacute; 620 triệu bảng.&nbsp;</p>\r\n\r\n<p><strong>Liverpool chi th&ecirc;m tiền để đ&oacute;n Naby Keita&nbsp;</strong></p>\r\n\r\n<p>Theo nhiều nguồn tin,&nbsp;<a href=\"http://www.24h.com.vn/liverpool-c48e1528.html\">Liverpool</a>&nbsp;đang l&ecirc;n kế hoạch đ&oacute;n tiền vệ Naby Keita từ RB Leipzig sớm hơn dự kiến. Trước đ&oacute;, đội b&oacute;ng th&agrave;nh phố Cảng đ&atilde; đạt được thỏa thuận chi&ecirc;u mộ ng&ocirc;i sao sinh năm 1994 từ đội b&oacute;ng nước Đức với gi&aacute; 57 triệu bảng, song Lữ đo&agrave;n đỏ đ&atilde; để Keita thi đấu cho Leipzig đến hết m&ugrave;a giải n&agrave;y. Tuy nhi&ecirc;n, với sự ra đi của Coutinho, đội b&oacute;ng của nước Anh muốn đưa về cầu thủ n&agrave;y sớm hơn dự kiến.</p>\r\n\r\n<p><strong>Man City từ bỏ Van Dijk để &quot;dồn sức&quot; mua Sanchez</strong></p>\r\n\r\n<p>BLĐ Man City kh&ocirc;ng cấp cho Pep qu&aacute; nhiều tiền v&agrave;o th&aacute;ng 1 n&agrave;y, họ chỉ muốn nh&agrave; cầm qu&acirc;n người T&acirc;y Ban Nha đưa về một ng&ocirc;i sao chất lượng. &Ocirc;ng thầy người T&acirc;y Ban Nha đ&atilde; chọn Sanchez thay v&igrave; dồn sức để đưa về trung vệ của Van Dijk của Southampton.</p>\r\n\r\n<p><strong>Wesley Sneijder ch&iacute;nh thức gia nhập CLB Al-Gharafa</strong></p>\r\n\r\n<p>Mới đ&acirc;y, tiền vệ Sneijder đ&atilde; ch&iacute;nh thức đặt b&uacute;t k&yacute; hợp đồng c&oacute; thời hạn 18 th&aacute;ng với CLB Qatar, Al-Gharafa. Cầu thủ người H&agrave; Lan cập bến CLB n&agrave;y theo dạng chuyển nhượng tự do sau khi đạt được thỏa thuận chấm dứt hợp đồng với Galatasaray.</p>\r\n\r\n<p>&nbsp;</p>\r\n\r\n<p>&nbsp;</p>\r\n\r\n<p><strong>3 CLB Premier League muốn c&oacute; tuyển thủ Cameroon</strong></p>\r\n\r\n<p>Theo nguồn tin từ tờ Mirror, ba CLB Brighton, West Brom v&agrave; Crystal Palace đều muốn c&oacute; sự phục vụ của tiền đạo Karl Toko Ekambi từ Angers. Họ sẵn s&agrave;ng chi 12 triệu bảng ở thương vụ n&agrave;y.</p>\r\n\r\n<p><strong>Arsenal h&eacute;t gi&aacute; Sanchez 35 triệu bảng</strong></p>\r\n\r\n<p>Arsenal đ&atilde; kh&ocirc;ng thể cứu v&atilde;n t&igrave;nh h&igrave;nh khi Sanchez nhất quyết kh&ocirc;ng chịu gia hạn hợp đồng. Giải ph&aacute;p tối ưu cho HLV Wenger l&agrave; b&aacute;n ngay tiền vệ người Chile trong kỳ chuyển nhượng m&ugrave;a đ&ocirc;ng nhằm thu hồi vốn. Hiện tại c&oacute; kh&ocirc;ng &iacute;t đội b&oacute;ng quan t&acirc;m đến Sanchez v&agrave; đ&acirc;y l&agrave; thời cơ để&nbsp;<a href=\"http://www.24h.com.vn/arsenal-fc-c48e3424.html\">Arsenal</a>&nbsp;đấu gi&aacute;. Tờ Goal cho hay, &quot;Gi&aacute;o sư&quot; sẽ lập tức để Sanchez ra đi nếu nhận đủ 35 triệu bảng.</p>\r\n\r\n<p>Vừa qua, Arsenal đ&atilde; bị loại tức tưởi tại FA Cup tr&ecirc;n s&acirc;n Nottingham Forest. Premier League gần như chắc chắn họ cũng kh&ocirc;ng c&ograve;n hy vọng trong khi tại b&aacute;n kết League Cup, Arsenal phải đối mặt Chelsea. V&igrave; thế việc giữ Sanchez lại cũng kh&ocirc;ng tạo ra qu&aacute; nhiều hy vọng gi&agrave;nh danh hiệu m&ugrave;a giải n&agrave;y.</p>\r\n\r\n<p><strong>Coutinho trả 11,5 triệu bảng để &quot;chuộc th&acirc;n&quot;</strong></p>\r\n\r\n<p>Barca vừa phải thanh to&aacute;n khoản tiền 142 triệu bảng cho Liverpool để chi&ecirc;u mộ Coutinho. Thế nhưng đằng sau bản hợp đồng &quot;bom tấn&quot; n&agrave;y, ng&ocirc;i sao người Brazil gi&uacute;p sức kh&ocirc;ng &iacute;t. C&acirc;y viết Paul Joyce của The Times cho hay, Coutinho đ&atilde; tự thanh to&aacute;n 9 triệu bảng cộng th&ecirc;m 2,5 triệu bảng ph&aacute;t sinh trong tương lai.</p>','AEGcG_Chuyen-nhuong-HOT-8-1.jpg',1,0,2,'2018-01-13 08:37:05','2018-01-08 11:30:24'),(74,'3 Man City “vô đối 3”: Dễ vỡ giấc mơ “ăn 4” trong 1 tuần','3-man-city-vo-doi-3-de-vo-giac-mo-an-4-trong-1-tuan','<p>3 Một Man City kiệt sức c&oacute; thể tan vỡ giấc mơ ăn 4 trong v&ograve;ng 1 tuần.</p>','<p>3 Nếu Man City c&oacute; &yacute; định đoạt một c&uacute; ăn 4 kh&ocirc;ng tưởng trong m&ugrave;a giải n&agrave;y, đ&acirc;y sẽ l&agrave; tuần lễ mang t&iacute;nh định đoạt với thầy tr&ograve; Pep Guardiola, &iacute;t nhất l&agrave; ở mặt trận trong nước bởi Champions League sẽ đến sau.</p>','Zmk8p_Coutinho-ve-Barca-Liga.jpg',1,0,1,'2018-01-13 08:37:05','2018-01-08 12:21:51');
/*!40000 ALTER TABLE `TinTuc` ENABLE KEYS */;
UNLOCK TABLES;

--
-- Table structure for table `migrations`
--

DROP TABLE IF EXISTS `migrations`;
/*!40101 SET @saved_cs_client     = @@character_set_client */;
/*!40101 SET character_set_client = utf8 */;
CREATE TABLE `migrations` (
  `id` int(10) unsigned NOT NULL AUTO_INCREMENT,
  `migration` varchar(255) COLLATE utf8mb4_unicode_ci NOT NULL,
  `batch` int(11) NOT NULL,
  PRIMARY KEY (`id`)
) ENGINE=InnoDB AUTO_INCREMENT=31 DEFAULT CHARSET=utf8mb4 COLLATE=utf8mb4_unicode_ci;
/*!40101 SET character_set_client = @saved_cs_client */;

--
-- Dumping data for table `migrations`
--

LOCK TABLES `migrations` WRITE;
/*!40000 ALTER TABLE `migrations` DISABLE KEYS */;
INSERT INTO `migrations` VALUES (24,'2014_10_12_000000_create_users_table',1),(25,'2014_10_12_100000_create_password_resets_table',1),(26,'2018_01_04_041119_create_TheLoai_table',1),(27,'2018_01_04_041725_create_LoaiTin_table',1),(28,'2018_01_04_042338_create_TinTuc_table',1),(29,'2018_01_04_042808_create_Comment_table',1),(30,'2018_01_04_043135_create_slide_table',1);
/*!40000 ALTER TABLE `migrations` ENABLE KEYS */;
UNLOCK TABLES;

--
-- Table structure for table `password_resets`
--

DROP TABLE IF EXISTS `password_resets`;
/*!40101 SET @saved_cs_client     = @@character_set_client */;
/*!40101 SET character_set_client = utf8 */;
CREATE TABLE `password_resets` (
  `email` varchar(255) COLLATE utf8mb4_unicode_ci NOT NULL,
  `token` varchar(255) COLLATE utf8mb4_unicode_ci NOT NULL,
  `created_at` timestamp NULL DEFAULT NULL,
  KEY `password_resets_email_index` (`email`)
) ENGINE=InnoDB DEFAULT CHARSET=utf8mb4 COLLATE=utf8mb4_unicode_ci;
/*!40101 SET character_set_client = @saved_cs_client */;

--
-- Dumping data for table `password_resets`
--

LOCK TABLES `password_resets` WRITE;
/*!40000 ALTER TABLE `password_resets` DISABLE KEYS */;
INSERT INTO `password_resets` VALUES ('phuoc@gmail.com','$2y$10$nzN8CM0BVk.w1p9GRcP8uOILFChCvU8.joi7dZZJgEg1zS1mi6.bm','2018-01-10 09:53:25');
/*!40000 ALTER TABLE `password_resets` ENABLE KEYS */;
UNLOCK TABLES;

--
-- Table structure for table `slide`
--

DROP TABLE IF EXISTS `slide`;
/*!40101 SET @saved_cs_client     = @@character_set_client */;
/*!40101 SET character_set_client = utf8 */;
CREATE TABLE `slide` (
  `id` int(10) unsigned NOT NULL AUTO_INCREMENT,
  `Ten` varchar(255) COLLATE utf8mb4_unicode_ci NOT NULL,
  `Hinh` varchar(255) COLLATE utf8mb4_unicode_ci NOT NULL,
  `NoiDung` mediumtext COLLATE utf8mb4_unicode_ci NOT NULL,
  `link` varchar(255) COLLATE utf8mb4_unicode_ci NOT NULL,
  `created_at` timestamp NULL DEFAULT NULL,
  `updated_at` timestamp NULL DEFAULT NULL,
  PRIMARY KEY (`id`)
) ENGINE=InnoDB AUTO_INCREMENT=8 DEFAULT CHARSET=utf8mb4 COLLATE=utf8mb4_unicode_ci;
/*!40101 SET character_set_client = @saved_cs_client */;

--
-- Dumping data for table `slide`
--

LOCK TABLES `slide` WRITE;
/*!40000 ALTER TABLE `slide` DISABLE KEYS */;
INSERT INTO `slide` VALUES (1,'Ronaldo 1','tnr5u_Chuyen-nhuong-HOT-8-1.jpg','Một website tin tức sẽ đăng những tin tức mới nhất v&agrave; nổi bật cho độc giả, website cũng quản l&yacute; việc upload b&agrave;i viết của c&aacute;c nh&agrave; b&aacute;o, duy ệt b&agrave;i viết đ&oacute; của c&aacute;c bi&ecirc;n tập vi&ecirc;n v&agrave; c&aacute;c mục quảng c&aacute;o tr&ecirc;n website. Sau đ&acirc;y l&agrave; phần m&ocirc; tả dữ liệu của website: Website gồm nhiều trang, mỗi trang c&oacute; một chủ đề','https://google.com',NULL,'2018-01-09 15:04:32'),(2,'Beckham','1-1-2.jpg','Một website tin tức sẽ đăng những tin tức mới nhất và nổi bật cho độc giả, website cũng quản lý việc upload bài viết của các nhà báo, duy ệt bài viết đó của các biên tập viên và các mục quảng cáo trên website. Sau đây là phần mô tả dữ liệu của website: Website gồm nhiều trang, mỗi trang có một chủ đề','https://',NULL,NULL),(3,'Website 1','Coutinho-ve-Barca-Liga.jpg','Một website tin tức sẽ đăng những tin tức mới nhất và nổi bật cho độc giả, website cũng quản lý việc upload bài viết của các nhà báo, duy ệt bài viết đó của các biên tập viên và các mục quảng cáo trên website. Sau đây là phần mô tả dữ liệu của website: Website gồm nhiều trang, mỗi trang có một chủ đề','https://bongda.com',NULL,'2018-01-09 15:14:01'),(4,'Laravel','Coutinho-ve-Barca-Liga.jpg','Một website tin tức sẽ đăng những tin tức mới nhất và nổi bật cho độc giả, website cũng quản lý việc upload bài viết của các nhà báo, duy ệt bài viết đó của các biên tập viên và các mục quảng cáo trên website. Sau đây là phần mô tả dữ liệu của website: Website gồm nhiều trang, mỗi trang có một chủ đề','https://',NULL,NULL),(7,'iPhone X','ZQQS0_truedepth_hero_large.jpg','Our vision has always been to create an iPhone that is entirely screen. One so immersive the device itself disappears into the experience. And so intelligent it can respond to a tap, your voice, and even a glance. With iPhone&nbsp;X, that vision is now a reality. Say hello to the&nbsp;future.','https://www.apple.com/iphone-x/','2018-01-09 14:28:56','2018-01-09 14:28:56');
/*!40000 ALTER TABLE `slide` ENABLE KEYS */;
UNLOCK TABLES;

--
-- Table structure for table `users`
--

DROP TABLE IF EXISTS `users`;
/*!40101 SET @saved_cs_client     = @@character_set_client */;
/*!40101 SET character_set_client = utf8 */;
CREATE TABLE `users` (
  `id` int(10) unsigned NOT NULL AUTO_INCREMENT,
  `name` varchar(255) COLLATE utf8mb4_unicode_ci NOT NULL,
  `email` varchar(255) COLLATE utf8mb4_unicode_ci NOT NULL,
  `password` varchar(255) COLLATE utf8mb4_unicode_ci NOT NULL,
  `level` int(11) NOT NULL,
  `remember_token` varchar(100) COLLATE utf8mb4_unicode_ci DEFAULT NULL,
  `created_at` timestamp NULL DEFAULT NULL,
  `updated_at` timestamp NULL DEFAULT NULL,
  PRIMARY KEY (`id`),
  UNIQUE KEY `users_email_unique` (`email`)
) ENGINE=InnoDB AUTO_INCREMENT=10 DEFAULT CHARSET=utf8mb4 COLLATE=utf8mb4_unicode_ci;
/*!40101 SET character_set_client = @saved_cs_client */;

--
-- Dumping data for table `users`
--

LOCK TABLES `users` WRITE;
/*!40000 ALTER TABLE `users` DISABLE KEYS */;
INSERT INTO `users` VALUES (1,'Lê Văn Phước','phuoc@gmail.com','$2y$10$kzjTJQTggWZNYo5BPM8Lt.z7Jx8yTxFmMQrgj/Oflk7WzBD.J7JDW',1,'ClkHOAQlySwPZkpbOyaYMnxQyJ81N99N0uOxwX1TdoyaJRH6q7ueBipODoa9',NULL,NULL),(2,'Nguyễn Thị Lý','ly@gmail.com','$2y$10$oBvX2kkq47qhGySU6TUhvO5SIvli5nyX6BAB9en1pGD0mYKA5ECO2',1,'AHMFXMOBKwsfZblhRwdywtXyHaikYce9LlIeRA2bSwlZZuuFUS7Z0aPdIq0y',NULL,NULL),(3,'phuocly','phuocly@gmail.com','$2y$10$IaYQJIuEbgkdF4pz1cO8jOBFp8sWALdPxR9F8nl7JTlg3NlXjMkAu',0,'p5PXvcRZEo',NULL,NULL),(4,'tam','tam@gmail.com','$2y$10$eh.I98Tfkf3hoixHbLZRh.Q7ddjud5TNvDrG/7uO7zUm3Dw.7UyDG',0,'d1ua37htZV',NULL,NULL),(5,'hoang','hoang@gmail.com','$2y$10$6W62BGB24kAMCyyRRNmAa.n43sa4cKYJdgeoMzN7m3ifgC3uinYnO',0,'596urhnUFP',NULL,NULL),(7,'Long Tieu','longtieu@gmail.com','e10adc3949ba59abbe56e057f20f883e',0,NULL,NULL,NULL),(8,'Lê Văn A','Avanle@gmail.com','$2y$10$HmVISbTN4LMg2dwByG4jke5x4a06NpfhmzNPHLx37AyzQROmu9Ibi',0,NULL,NULL,NULL),(9,'admin','admin@gmail.com','$2y$10$dwGsmW313Zq.g36yq504LOWKm7PexUrQpQvuRUSM7lIOa6n/3N2X2',1,'jT9AQfD6EZewHVJ77eeDgyJlC7WPNiFFEzcTehRLEVKxNrHYq19XOXGBiThj',NULL,NULL);
/*!40000 ALTER TABLE `users` ENABLE KEYS */;
UNLOCK TABLES;

--
-- Dumping events for database 'db_tintuc'
--
/*!40103 SET TIME_ZONE=@OLD_TIME_ZONE */;

/*!40101 SET SQL_MODE=@OLD_SQL_MODE */;
/*!40014 SET FOREIGN_KEY_CHECKS=@OLD_FOREIGN_KEY_CHECKS */;
/*!40014 SET UNIQUE_CHECKS=@OLD_UNIQUE_CHECKS */;
/*!40101 SET CHARACTER_SET_CLIENT=@OLD_CHARACTER_SET_CLIENT */;
/*!40101 SET CHARACTER_SET_RESULTS=@OLD_CHARACTER_SET_RESULTS */;
/*!40101 SET COLLATION_CONNECTION=@OLD_COLLATION_CONNECTION */;
/*!40111 SET SQL_NOTES=@OLD_SQL_NOTES */;

-- Dump completed on 2018-01-15 16:29:48
